test_question,train_question_1,train_question_2,train_question_3,score_1,score_2,score_3
"방청 페인트의 종류에는 어떤 것들이 있는지 알고 계신가요? 또한, 원목사이딩을 사용하는 것에 어떤 단점이 있을까요?",다공질 흡음재의 종류에는 어떤 것들이 있는지 알 수 있을까요?,원목사이딩을 사용하는데 어떤 단점이 있을까요?,방청 페인트의 기능이 뭐야?,[[0.39696332]],[[0.39451154]],[[0.33058104]]
도배지에 녹은 자국이 발생하는 주된 원인과 그 해결 방법은 무엇인가요?,결로가 발생하는 주된 이유가 무엇인가요?,새집증후군의 해결 방법이 뭐야? ,방음이 뭐야,[[0.48482897]],[[0.3580227]],[[0.]]
"큐블럭의 단점을 알려주세요. 또한, 압출법 단열판을 사용하는 것의 장점은 무엇인가요?",압출법 단열판을 사용할 때 어떤 단점이 있을까요?,롱브릭타일을 사용하는 것의 장점은 무엇인가요?,장판을 사용하는 것의 장점은 무엇인가요?,[[0.47498428]],[[0.40671293]],[[0.40671293]]
"철골구조를 사용하는 고층 건물에서, 단열 효과를 높이기 위한 시공 방법은 무엇이 있을까요?",내진설계에서 안전성을 높이기 위한 순서는 무엇인가요?,장판 시공 시간은 어떻게 돼?,도배와 페인트 시공 중 뭐가 더 비용이 많이 들어?,[[0.3179493]],[[0.25365868]],[[0.1780788]]
도배지의 완전한 건조를 위해 몇 주 동안 기다려야 하나요?,도배지의 끝부분이 들뜨는 경우 해결할 방법이 있을까요?,아스팔트슁글은 무엇을 위해 사용되는 재료인가요?,새집증후군을 예방하기 위해 사용할 수 있는 실용적인 방법이 있을까요?,[[0.31039179]],[[0.19645135]],[[0.16917433]]
철근철골콘크리트 구조가 적용된 건물의 장단점은 무엇인가요?,조적식 구조가 뭐야?,철근콘크리트 구조가 뭐야?,철골콘크리트 구조가 뭐야?,[[0.61137462]],[[0.58890103]],[[0.58890103]]
"어떤 상황에 개별 공간이 더 적합한지, 어떤 상황에 오픈 플랜 공간이 더 적합한지 알려주세요. 그리고 합지벽지의 어떤 단점이 있나요?","대리석 타일은 어떤 재료로 만들어지며, 어떤 공간에 적합한지 알려주세요.",방청 페인트는 어떤 상황에 사용하는 것이 좋을까요?,개별 공간과 오픈 플랜 공간 중 어떤 것이 나에게 더 적합한가요?,[[0.30749865]],[[0.30282689]],[[0.27531917]]
도배지 들뜸 현상이 발생하는 가장 일반적인 원인은 무엇인가요?,천장 부위 결로가 발생하는 가장 일반적인 원인은 무엇인가요?,발코니에 결로가 발생하는 원인은 뭐야?,점토벽돌의 백화 현상이 뭐야?,[[0.62003899]],[[0.33099666]],[[0.27911423]]
도배지에 얼룩이 생기는 다양한 원인들에 대해서 자세히 알려주세요.,도배지에 얼룩이 있어,도배지에 울음이 생겼어,누수에 의해 도배지에 녹이 묻어나올 수 있어?,[[0.51849753]],[[0.15740794]],[[0.11496524]]
고층 건물을 건축할 때 철골구조가 주로 선택되는 이유는 무엇인가요?,철골구조가 뭐야?,면진구조가 뭐야?,철골콘크리트 구조가 뭐야?,[[0.61194479]],[[0.]],[[0.]]
유성페인트의 환경 오염에 대한 예시를 알려주세요.,유성페인트의 특징이 뭐야?,합판마루에 대해 알려줘,전벽돌의 단점이 뭐야,[[0.49759897]],[[0.]],[[0.]]
"훼손과 오염은 어떻게 다른가요? 또한, 부실 시공으로 인해 타공하자가 발생할 가능성이 있나요?",부실 시공으로 인해 타공하자가 발생할 수 있어?,훼손과 오염의 차이는 뭐야?,부주의한 시공으로 인해 도배지 패턴이 이어지지 않을 수 있어?,[[0.75433876]],[[0.22566913]],[[0.22203096]]
"철골콘크리트 구조에서 사용되는 철근의 재료적 특징은 무엇인가요?""",철골콘크리트 구조란 무엇인가요?,철골콘크리트 구조가 뭐야?,콘크리트 구조는 어떤 방식이 있어?,[[0.5059634]],[[0.45716882]],[[0.]]
방염벽지가 실크벽지와 합지벽지와 다른 점은 무엇인가요?,방염벽지가 뭐야?,데코타일의 단점이 뭐야?,온돌마루는 기대수명이 얼마야?,[[0.59161631]],[[0.]],[[0.]]
"도배지에 곰팡이가 생겼을 때 높은 습도가 원인인 경우, 습기 관리는 어떻게 해야 할까요?""",도배지에 곰팡이가 생겼을 때 어떻게 제거해야 하나요?,습도가 높으면 곰팡이가 발생할 수 있어?,곰팡이가 증식하기 좋은 환경이 뭐야?,[[0.50483199]],[[0.34716779]],[[0.14205681]]
롱브릭타일은 어떤 종류의 타일인가요? 그리고 페인트 상도재의 역할과 사용 방법에 대해 알려주세요.,페인트 상도재의 역할과 사용 방법에 대해서 알려주세요.,롱브릭타일은 뭐야?,"스마트홈 시스템을 집에 설치하려고 하는데, 보안에 대해 어떤 조치를 취해야 해?",[[0.73507697]],[[0.33853162]],[[0.05488406]]
준불연재료는 무엇인가요? 그리고 유성페인트를 사용하는 것에 대한 부작용이 있을까요?,노출콘크리트를 사용하는 것에 대한 주요 단점은 무엇인가요?,폴리싱 타일을 사용하는 것에 대한 주요 단점이 무엇인가요?,유성페인트를 사용하는 것에는 어떤 부정적인 측면이 있을까요?,[[0.57555657]],[[0.55814361]],[[0.38065627]]
어떤 환경 요인이 몰딩 수정을 유발할 수 있는가요? 그리고 반점이 생긴지 1년 이내인 하자에 대해 어떤 보수작업을 해야 하나요?,반점이 생긴지 1년 이내인 하자는 보수작업은 어떻게 해?,벽지와 도료 중 어떤 것을 선택해야 하나요?,원목마루에 대해 알려줘,[[0.592853]],[[0.12727898]],[[0.09337678]]
"벽에 뚫린 구멍이 이상하다고 하셨는데, 타공 불량이 발생하는 원인과 그 해결 방법에 대해 자세히 설명해주실 수 있나요?""",벽에 뚫린 구멍이 이상해,새집증후군의 해결 방법이 뭐야? ,"스마트홈 시스템을 집에 설치하려고 하는데, 보안에 대해 어떤 조치를 취해야 해?",[[0.49020226]],[[0.23707628]],[[0.03846803]]
다이닝 룸을 더 고급스럽게 꾸밀려면 어떻게 해야 하나요와 아레카 야자를 키우면 어떤 이점이 있는지의 관계는 무엇인가요?,어떻게 다이닝 룸을 현대적으로 꾸밀 수 있을까요?,어떻게 다이닝 룸을 정통적으로 꾸밀 수 있을까요?,도배풀을 제거하려면 어떻게 해야 해?,[[0.43383838]],[[0.41752807]],[[0.25258539]]
"습도가 높아서 석고수정이 발생하나요? 또한, 피스 하자가 무엇인지 자세히 설명해 주실 수 있나요?""",단열벽지가 무엇인지 자세히 설명해 주실 수 있나요?,피스 하자가 뭐야?,습도가 높으면 곰팡이가 발생할 수 있어?,[[0.54292167]],[[0.4887008]],[[0.1710454]]
"공동주택의 실내 공기질을 측정할 때, 어떤 층에서 샘플을 채취하는 것이 가장 적절한가요?""",공동주택의 실내 라돈 측정지점을 어디에 정하는 것이 가장 적합한가요?,공동주택의 실내 라돈의 측정지점은 어떻게 돼?,목구조는 어떤 방식이 있어?,[[0.45207126]],[[0.3986486]],[[0.04432709]]
"타일 바닥에서 파손된 타일을 교체하는 과정에 어떤 단계가 포함되나요? 또한, 겨울에 도배를 할 때 특별히 신경써야 할 사항이 있을까요?",타일 바닥에서 파손된 타일을 교체하는 방법은?,타일 마감자재는 어떻게 처리해?,흡음재 구조는 어떤 것이 있어?,[[0.69385616]],[[0.14980126]],[[0.02912337]]
"유성페인트를 사용하는 것에 대한 부작용이 있을까요? 또한, 페인트가 남으면 어디에 보관하는 게 좋을까요?",페인트가 남으면 어떻게 처리해?,도배지가 남으면 어떻게 처리해?,개별 공간과 오픈 플랜 공간 중 어떤 것이 나에게 더 적합한가요?,[[0.41113985]],[[0.22350442]],[[0.]]
"가장 비싼 바닥재는 어떤 종류인가요? 또한, 유광 자기질 타일은 얼마나 오랫동안 사용할 수 있을까요?",가장 비싼 바닥재는 뭐야?,분말 소화기를 사용할 때 주의할 점이 뭐야?,목구조는 어떤 방식이 있어?,[[0.52591195]],[[0.09704881]],[[0.0301332]]
풍수지리를 활용하여 집을 꾸밀 때 어떤 주의사항을 고려해야 할까요? 그리고 스탠드조명을 선택할 때 주의할 점이 있을까요?,풍수지리를 활용하여 집을 꾸밀 때 주의해야 할 점이 무엇인가요?,냉장고를 옮길 때 주의할 점이 뭐야?,장롱 옮길 때 주의할 점이 뭐야?,[[0.71045469]],[[0.28602856]],[[0.2823482]]
반점이 1년 이상 생긴 하자를 보수하는 방법은 무엇인가요? 그리고 불량 도배지를 사용할 경우 도배지가 얼마나 오랫동안 버틸까요?,불량 도배지를 사용할 경우 도배지가 얼마나 오랫동안 사용 가능할까요?,불량 도배지를 사용할 경우 도배지가 찢어질 수 있어?,반점이 생긴지 1년 이상인 하자는 보수작업은 어떻게 해?,[[0.65897037]],[[0.56300162]],[[0.23031345]]
평지붕의 단점은 무엇인가요? 그리고 실크벽지의 교체 주기는 얼마나인가요?,평지붕의 단점은 뭐야?,카페트는 기대수명이 얼마야?,롱브릭타일은 뭐야?,[[0.61595832]],[[0.]],[[0.]]
경량철골구조는 어떤 건물에 사용되는 건축 구조물인가요? 그리고 철골구조의 장점은 무엇인가요?,경량철골구조는 어떤 구조인가요?,철골구조의 장점이 뭐야?,내진설계의 종류 좀 알려줘,[[0.40385241]],[[0.34045911]],[[0.]]
프리케스트 콘크리트 구조에 대해 자세히 설명해 주실 수 있나요? 그리고 조적식 구조란 무엇인가요?,조적식 구조에 대해 좀 더 자세히 설명해 주실 수 있을까요?,프리케스트 콘크리트 구조란 무엇인가요?,철골콘크리트 구조란 무엇인가요?,[[0.73921444]],[[0.6237708]],[[0.28770573]]
반려동물을 위한 가구로 낮은 높이의 가구와 패브릭 소재의 가구가 선택되는 이유는 무엇인가요?,반려동물들을 위한 가구로 어떤 것이 있어?,반려동물을 위한 바닥재는 어떤 것이 있어?,층간소음을 줄이기 위한 인테리어 추천해줘,[[0.40753839]],[[0.37540811]],[[0.11486779]]
몰딩 수정을 예방하기 위해 건물 내부에서 어떤 종류의 환경 관리가 필요한가요?,새집증후군을 예방하기 위해 사용할 수 있는 실용적인 방법이 있을까요?,사무실의 실내공기 측정을 위해 어떤 장비가 필요한가요?,목구조에는 어떤 종류의 방식이 있는지 알려주세요.,[[0.34493513]],[[0.29525118]],[[0.17214944]]
"KMEW 세라믹 지붕재의 단점에 대해 알려주세요. 또한, 세라믹 타일을 사용할 때 고려해야 할 단점은 무엇인가요?",KMEW 세라믹 지붕재의 단점은 무엇인가요?,KMEW 세라믹 지붕재의 장점이 뭐야?,KMEW 세라믹 지붕재의 단점이 뭐야?,[[0.74890033]],[[0.63393271]],[[0.63269062]]
"줄퍼티 마감은 무엇인가요? 또한, 액체방수공사는 무엇을 하는 것인가요?",줄퍼티 마감은 무엇을 의미하나요?,줄퍼티 마감이 뭐야?,기존 바닥재 위에 새 바닥재를 덧방해도 되나요?,[[0.62052493]],[[0.29653406]],[[0.]]
페인트 하도재 없이 페인트를 바로 칠할 경우 어떤 문제가 발생할 수 있나요?,아세톤에 노출되면 발생할 수 있는 문제가 뭐야?,누수가 발생할 경우 곰팡이가 발생할 수 있어?,페인트 하도재가 뭐야?,[[0.32941806]],[[0.30204108]],[[0.22544595]]
바닥재가 남으면 어떻게 처리하는 게 좋을까요? 그리고 장판이 남을 때 어떻게 처리해야 하나요?,바닥재가 남을 경우 어떻게 처리하는 게 좋을까요?,장판이 남으면 어떻게 처리해?,바닥재가 남으면 어떻게 처리해?,[[0.70781525]],[[0.5153885]],[[0.49679228]]
도배지에 생긴 반점을 없애기 위해 가장 효과적인 방법은 무엇인가요?,습도로 인해 도배지에 생기는 얼룩을 제거하는 데에 가장 효과적인 방법은 무엇인가요?,실크벽지의 얼룩을 지우는 가장 효과적인 방법은 무엇인가요?,목재 마감재를 처리하는데 가장 효과적인 방법은 무엇인가요?,[[0.49561887]],[[0.48273996]],[[0.4612945]]
새집증후군의 주요 원인은 무엇인가요?,새집증후군의 원인이 뭐야?,분말 소화기를 사용할 때 주의할 점이 뭐야?,마감재의 하자여부는 어떻게 판단해?,[[0.46648224]],[[0.]],[[0.]]
"방청도료 도장 작업을 위해 필요한 단계는 무엇인가요? 또한, 콘크리트 벽에 구멍을 뚫는 방법에는 어떤 도구나 기술을 사용해야 하나요?",콘크리트 벽에 구멍을 뚫기 위해 사용할 수 있는 최선의 방법은 무엇인가요?,콘크리트 벽에 구멍을 뚫으려면 어떻게 해야 해?,벽에 구멍을 막는 방법은?,[[0.34423445]],[[0.32737299]],[[0.26579407]]
어떤 종류의 실내 식물을 선택해야 식물을 효과적으로 가꾸는 데 도움이 될까요? 그리고 인테리어에 가장 많이 사용되는 도배재료는 무엇인가요?,실내 식물을 효과적으로 가꾸려면 어떤 종류의 식물을 선택해야 하나요?,벽지와 도료 중 어떤 것을 선택해야 하나요?,도배와 페인트 시공 중 뭐가 더 비용이 많이 들어?,[[0.65204917]],[[0.12607397]],[[0.1135001]]
원목마루와 롱브릭타일에 대해 설명해주세요. 각각의 단점과 특징은 무엇인가요?,수성페인트의 특징은 무엇인가요?,유성페인트의 주요 특징은 무엇인가요?,차음이 무엇인지 자세히 설명해주세요.,[[0.46161992]],[[0.39722819]],[[0.39228122]]
침실을 더 아늑하게 꾸밀 수 있는 방법에는 어떤 것이 있을까요와 아이가 있는 집을 꾸밀 때 안전을 위해 고려해야 할 요소는 무엇인가요의 관계는 무엇인가요?,어떻게 침실을 아늑하게 꾸밀 수 있을까요?,풍수지리를 활용하여 집을 꾸밀 때 주의해야 할 점이 무엇인가요?,아이가 있는 집은 두꺼운 장판과 마루 중 어느 것이 좋아?,[[0.49626382]],[[0.31437514]],[[0.23822908]]
인테리어에서 컬러매치를 위한 효과적인 팁이 있을까요? 그리고 복도나 협소한 공간을 확장시키기 위해 가장 효과적인 방법이 무엇일까요?,에폭시 계열 페인트를 사용하는 가장 효과적인 방법이 무엇일까요?,어떻게 복도나 협소한 공간을 확장하게 만들 수 있을까요?,새집증후군을 예방하는 방법이 뭐야?,[[0.43378776]],[[0.38908406]],[[0.0982585]]
"그라스울 보온판의 주요 장점 중 하나인 흡음 성능은 어떻게 발휘될까요?""",그라스울 보온판에 대해 설명해줘,폴리에스테르 흡음 단열재에 대해 설명해줘,콘크리트는 어떻게 처리해?,[[0.30191623]],[[0.25587963]],[[0.07874677]]
"미네랄울 보온판은 왜 고속 회전원심공법으로 제조되는 건가요?""","미네랄울 보온판은 어떤 소재로 만들어지며, 보온판으로서의 성능이 어떻게 되나요?",미네랄울 보온판에 대해 설명해줘,모노벽돌이 뭐야?,[[0.45571546]],[[0.39128191]],[[0.]]
"도배 후 필름 시공은 어떤 경우에 추천하시나요? 또한, 낡은 목재 가구의 흠집을 숨기는 방법을 알려주세요.",낡은 목재 가구의 흠집을 숨기는 가장 효과적인 방법은 무엇인가요?,낡은 목재 가구의 흠집을 어떻게 숨기나요?,도배 시공은 어디에 맡겨?,[[0.59663716]],[[0.52797117]],[[0.27169075]]
"입구나 복도의 표면에 사용하기 적합한 페인트 종류는 무엇이며, 이 공간을 환영스럽게 꾸미는 데 있어 어떤 인테리어 요소가 중요한가요?",우레탄 계열 페인트를 사용하기 적합한 곳은 어디인가요?,인테리어 조명 종류는 뭐가 있어?,벽지 종류는 뭐가 있어?,[[0.24431594]],[[0.24261306]],[[0.19106021]]
도배지가 먼지나 연기로 인해 얼마나 빨리 오염될 수 있나요? 그리고 습도가 높을 때 곰팡이가 어떻게 발생하는지 자세히 알고 싶습니다.,습도가 높을 때 곰팡이가 발생하는 이유가 무엇인가요?,써모사이딩의 단점에 대해 좀 더 자세히 알고 싶습니다.,습도가 높을 경우 도배지 꼬임이 발생할 수 있어?,[[0.4354689]],[[0.31035566]],[[0.30273173]]
"방청페인트를 시공하는 방법에는 어떤 단계가 포함되나요? 또한, 배관공사 시 통기구를 설치해야 하는 이유가 무엇인가요?",배관공사 시 통기구를 설치해야 하는 이유가 뭐야?,배관공사 시 기울기를 주의해야 하는 이유가 뭐야?,석고보드를 사용하는 이유가 뭐야?,[[0.71606402]],[[0.3780668]],[[0.16080297]]
"유성발수제를 사용하는 것의 실제 효과는 무엇인가요? 또한, 규산질계 침투성 도포 방수공사는 어떤 방식으로 이루어지나요?",규산질계 침투성 도포 방수공사는 무엇을 의미하나요?,규산질계 침투성 도포 방수공사가 뭐야?,석고보드를 사용하는 이유가 뭐야?,[[0.59557162]],[[0.52019682]],[[0.09083447]]
"높은 습도로 인해 몰딩수정이 발생하는 경우가 있을까요? 또한, 내부와 외부 온도의 큰 차이로 인해 곰팡이 발생이 빨라지나요?",높은 습도로 인해 몰딩수정이 발생할 수 있어?,높은 습도로 인해 도배지와 몰딩면에 틈새가 생길 수 있어?,도배지에 핀 곰팡이 제거 방법은?,[[0.53855966]],[[0.30072724]],[[0.16267871]]
인테리어 소품을 선택할 때 어떤 요소에 주의해야 할까요와 주방을 활기차게 꾸미기 위해 어떤 요소를 추가할 수 있을까요의 관계는 무엇인가요?,인테리어 소품을 선택할 때 주의해야 할 점은 어떤 게 있을까요?,주방을 활기차게 꾸미려면 어떤 요소를 추가해야 할까요?,인테리어에서 바닥재를 선택할 때 주의해야 할 점은 무엇인가요?,[[0.51622285]],[[0.47587876]],[[0.25756736]]
"초배지만 남은 벽에 페인트를 칠하면 어떤 문제가 발생하나요? 또한, 속건형 유성 발수제의 사용 목적과 효과에 대해 알려주세요.",속건형 유성 발수제의 장점이 뭐야?,왜 초배지만 남은 벽에는 페인트를 못 칠해?,남은 도배풀은 어디에 버려?,[[0.4471646]],[[0.36835659]],[[0.12474681]]
"벽지에 반점이 생겼을 때, 왜 1년 이내인 경우에만 벽지 아세톤 용제 함침 방법을 사용하고 개선 벽지로 재시공해야 하나요?",반점이 생긴지 1년 이내인 하자는 보수작업은 어떻게 해?,벽지 종류는 뭐가 있어?,탄화목사이딩의 단점이 뭐야?,[[0.43145281]],[[0.20377273]],[[0.]]
석구조란 무엇인가요? 그리고 기둥-보 구조 방식은 무엇을 의미하나요?,기둥-보 구조 방식은 무엇인가요?,기둥-보 구조 방식이 뭐야?,중목구조 방식이 뭐야?,[[0.8384481]],[[0.56609778]],[[0.]]
원목마루의 어떤 단점이 있는지 알려주세요. 그리고 도배지가 남으면 어떻게 처리해야 하나요?,도배지가 남으면 어떻게 처리해?,원목마루의 단점이 뭐야?,철골구조의 단점이 뭐야?,[[0.49176975]],[[0.47165299]],[[0.13921287]]
마감재의 하자를 판단하는 데 어떤 방법을 사용해야 할까요? 그리고 새집증후군을 예방하는 데 가장 효과적인 방법은 무엇인가요?,새집증후군을 예방하는 방법이 뭐야?,목구조는 어떤 방식이 있어?,철골구조는 어떤 방식이 있어?,[[0.43357628]],[[0.0301863]],[[0.0301863]]
강마루 바닥재의 장점은 무엇인가요?,바닥재의 종류는 뭐가 있어?,장판의 장점이 뭐야?,방부목이 단점이 뭐야?,[[0.51533702]],[[0.]],[[0.]]
새집증후군을 예방하기 위해 창문을 열어 환기하는 이유는 무엇인가요?,새집증후군을 예방하기 위해 사용할 수 있는 실용적인 방법이 있을까요?,새집증후군을 예방하는 방법이 뭐야?,소화기 종류는 뭐가 있어?,[[0.51435218]],[[0.2839764]],[[0.]]
"도배풀을 제거하는 데 어떤 도구가 가장 효과적인가요? 또한, 옥상 방수용 탄성 에멀전 페인트를 사용하는 장점은 무엇인가요?",옥상 방수용 탄성 에멀전 페인트를 사용하는 이유는 무엇인가요?,옥상 방수용 탄성 에멀전 페인트의 장점이 뭐야?,옥상 방수용 탄성 에멀젼 페인트가 뭐야?,[[0.69701999]],[[0.55134526]],[[0.40117146]]
통나무구조 방식의 건물에서 침하 현상을 최소화하기 위해 어떤 디테일을 고려해야 하나요?,통나무구조 방식이 뭐야?,목구조는 어떤 방식이 있어?,철골구조는 어떤 방식이 있어?,[[0.47756667]],[[0.0523244]],[[0.0523244]]
MSDS(Material Safety Data Sheet)가 필요한 이유는 무엇인가요?,MSDS(Material Safety Data Sheet)는 어떤 정보를 포함하고 있나요?,소화기를 설치하는데 필요한 기준은 무엇인가요?,도배작업 시 필요한 공구 좀 알려줘,[[0.72920189]],[[0.15483]],[[0.12916909]]
인테리어 디자인에서 에나멜 계열 페인트를 사용하여 공간의 색상을 선택할 때 고려해야 할 요소들은 무엇인가요?,에나멜 계열 페인트를 어떤 곳에 사용하는 것이 좋을까요?,에나멜 계열 페인트는 어디에 사용해?,에폭시 계열 페인트는 어디에 사용해?,[[0.39611492]],[[0.31446603]],[[0.13492055]]
라돈을 측정하는 데 가장 적합한 지점은 어디인가요? 그리고 MSDS(Material Safety Data Sheet)는 무엇을 포함하고 있나요?,MSDS(Material Safety Data Sheet)는 어떤 정보를 포함하고 있나요?,라돈을 제외한 공동주택의 실내공기질 측정지점이 어떻게 돼?,새집증후군이 뭐야?,[[0.7300479]],[[0.14347543]],[[0.]]
새집증후군을 해결하기 위한 방법에는 어떤 것들이 있나요? 그리고 소화기 종류에는 어떤 것들이 있는지 알려주세요.,발수제의 종류에는 어떤 것들이 있나요?,다공질 흡음재의 종류에는 어떤 것들이 있는지 알 수 있을까요?,단열재의 다양한 종류에는 어떤 것들이 있을까요?,[[0.481603]],[[0.43102772]],[[0.36613704]]
질석벽지가 아트월이나 현관 입구에서 많이 사용되는 이유는 무엇인가요?,질석벽지가 뭐야?,도배와 페인트 시공 중 뭐가 더 비용이 많이 들어?,직물벽지가 뭐야?,[[0.5456133]],[[0.19840478]],[[0.]]
"석고보드를 이동하면 도배지 꼬임이 발생할 가능성이 있나요? 또한, 건조시간이 충분하지 않으면 도배지가 꼬일 수 있는 이유가 무엇인가요?",건조시간이 부족하면 도배지 꼬임이 발생할 수 있어?,석고보드를 사용하는 이유가 뭐야?,도배지가 남으면 어떻게 처리해?,[[0.51615832]],[[0.423372]],[[0.15459817]]
"폴리에스테르 흡음 단열재의 장점 중 하나인 ""배수기능""은 어떤 종류의 공간에 사용하기에 적합한가요?",폴리에스테르 흡음 단열재에 대해 설명해줘,개별 공간과 오픈 플랜 공간 중 어떤 것이 나에게 더 적합한가요?,목구조는 어떤 방식이 있어?,[[0.38114408]],[[0.12817786]],[[0.03048534]]
도배 후 제조사 권장 건조시간을 지키지 않으면 어떤 문제가 발생할 수 있나요?,아세톤에 노출되면 발생할 수 있는 문제가 뭐야?,누수가 발생할 경우 곰팡이가 발생할 수 있어?,습도가 높으면 곰팡이가 발생할 수 있어?,[[0.4702105]],[[0.2847252]],[[0.15898438]]
내단열 방식에서 발생하는 열교 문제와 곰팡이 발생의 원인은 무엇인가요?,발코니에 결로가 발생하는 원인은 뭐야?,곰팡이 색깔은?,도배지에 핀 곰팡이 제거 방법은?,[[0.40764244]],[[0.36009221]],[[0.29478094]]
도배지가 찢어진 경우 터짐 하자가 발생하는 원인과 그에 따른 책임소재는 무엇인가요? 그리고 이를 해결하기 위해 어떤 방법을 사용할 수 있나요?,도배지가 찢어진 경우 어떻게 복원할 수 있나요?,불량 도배지를 사용할 경우 도배지가 찢어질 수 있어?,성분에 따른 페인트 종류 좀 알려줘,[[0.41543131]],[[0.24356442]],[[0.1832868]]
건물의 면진장치는 지진 발생 시 어떻게 작동하나요?,콘크리트는 어떻게 처리해?,도배지가 남으면 어떻게 처리해?,건축물의 구조는 어떻게 구분해?,[[0.3313432]],[[0.30640779]],[[0.278804]]
"페인트 상도재의 역할과 사용 방법에 대해 알려주세요. 또한, 강화마루의 장점은 무엇입니까?",페인트 상도재의 역할과 사용 방법에 대해서 알려주세요.,강화마루의 장점이 뭐야?,페인트 상도재가 뭐야?,[[0.74840925]],[[0.28710555]],[[0.18080538]]
경질우레탄폼 보온판은 왜 경제적인 선택인가요?,경질우레탄폼 보온판은 무엇이고 어떻게 사용되는지 자세히 알려주세요.,경질우레탄폼 보온판에 대해 설명해줘,그라스울의 장점이 뭐야?,[[0.49622]],[[0.35250621]],[[0.]]
"상도작업은 어떻게 이뤄지나요? 또한, 공간을 넓게 보이도록 인테리어를 꾸미는 방법은 뭐가 있을까요?",어떻게 하면 공간을 넓게 보이도록 인테리어를 꾸밀 수 있을까요?,상도작업은 어떻게 작업해?,벽지 종류는 뭐가 있어?,[[0.63402243]],[[0.35115752]],[[0.13161913]]
도배지가 울음 현상을 보일 때 그 원인과 대처 방법은 무엇인가요?,도배지가 찢어졌어,도배지가 남으면 어떻게 처리해?,개별 공간과 오픈 플랜 공간 중 어떤 것이 나에게 더 적합한가요?,[[0.30971956]],[[0.26060211]],[[0.]]
사무실 실내공기 측정을 위한 적절한 위치는 어디일까요? 그리고 아파트 도배 평수를 어떻게 계산해야 하나요?,아파트 도배를 평수를 어떻게 계산해야 하나요?,아파트 도배평수는 어떻게 게산해?,건축물의 구조는 어떻게 구분해?,[[0.62463239]],[[0.23857483]],[[0.04740826]]
"도배지에 고습도로 인해 생기는 얼룩을 제거하는 방법이 있을까요? 또한, 구조적 결함 때문에 석고수정이 발생할 가능성이 있는가요?",구조적 결함으로 인해 석고수정이 발생할 가능성이 있는가요?,습도로 인해 도배지에 생기는 얼룩을 제거하는 데에 가장 효과적인 방법은 무엇인가요?,구조적 결함으로 인해 석고수정이 발생할 수 있어?,[[0.65250819]],[[0.47445464]],[[0.46993754]]
대리석 타일이 난방 절감에 어떤 역할을 하는 건가요?,난연재료는 어떤 역할을 하는 거죠?,세라믹 타일이 뭐야,폴리싱 타일이 뭐야?,[[0.42057453]],[[0.33503323]],[[0.32648806]]
외단열 시공 시 외부 환경 조건이 중요한 이유는 무엇인가요?,큐블럭을 사용하는 이유는 무엇인가요?,장판 시공 시간은 어떻게 돼?,도배와 페인트 시공 중 뭐가 더 비용이 많이 들어?,[[0.27660894]],[[0.26503194]],[[0.18606329]]
스탠드 조명을 선택할 때 어떤 조명이 적합한가요?,실내 조명을 선택할 때 어떤 종류의 조명이 가장 적합한가요?,실내 조명을 선택할 때 어떤 종류의 조명을 고려해야 하나요?,개별 공간과 오픈 플랜 공간 중 어떤 것이 나에게 더 적합한가요?,[[0.81173331]],[[0.49997005]],[[0.20398716]]
실크벽지의 얼룩을 지워내는 가장 효과적인 방법이 있을까요? 그리고 부적절한 설치로 인해 제품의 품질에 영향을 미칠 수 있을까요?,실크벽지의 얼룩을 지우는 가장 효과적인 방법은 무엇인가요?,잘못된 설치로 인해 면 불량이 발생할 수 있어?,실크벽지의 장점이 뭐야?,[[0.45783298]],[[0.26957254]],[[0.25328113]]
차음재의 차음 성능은 어떻게 평가되나요?,차음재의 다양한 종류에는 어떤 것들이 있는지 알고 싶습니다.,콘크리트는 어떻게 처리해?,도배지가 남으면 어떻게 처리해?,[[0.44176019]],[[0.13669994]],[[0.12641251]]
공동주택의 실내 공기질을 측정하기 위한 적절한 지점은 어디일까요? 그리고 마감재의 하자를 판단하는 데 어떤 방법을 사용해야 할까요?,마감재의 하자를 어떻게 확인할 수 있을까요?,공동주택의 실내공기질을 측정하기 위한 지점 설정은 어떻게 하는 게 좋을까요?,공동주택의 실내 라돈의 측정지점은 어떻게 돼?,[[0.36973926]],[[0.32351704]],[[0.2588124]]
실크벽지의 얼룩을 제거하기 위한 다양한 방법 중에서 특히 효과적인 방법은 무엇인가요?,실크벽지의 얼룩을 지우는 가장 효과적인 방법은 무엇인가요?,실크벽지의 장점은 무엇인가요?,실크벽지의 장점이 뭐야?,[[0.58712414]],[[0.34700897]],[[0.2980848]]
페인트 처리 시 페인트의 양에 따라 어떤 절차를 따라야 하나요?,페인트의 종류는 어떤 성분에 따라 다르나요?,페인트의 종류 좀 알려줘,페인트 상도재가 뭐야?,[[0.36516923]],[[0.21308168]],[[0.19806016]]
"건설 산업은 어떤 종류의 작업을 포함하는지, 그리고 토목이 무엇인지 설명해줘.",토목이 뭐야?,목구조는 어떤 방식이 있어?,철골구조는 어떤 방식이 있어?,[[0.46197813]],[[0.03789806]],[[0.03789806]]
제진구조는 건물 구조 중에서 어떤 역할을 하는 건가요? 그리고 중목구조 방식에 대해 좀 더 자세히 설명해 주실 수 있을까요?,조적식 구조에 대해 좀 더 자세히 설명해 주실 수 있을까요?,중목구조 방식에 대해서 좀 더 자세히 알고 싶어요.,중목구조 방식이 뭐야?,[[0.39980964]],[[0.39029523]],[[0.24608563]]
작은 공간의 홈오피스에 원목사이딩을 사용할 때 고려해야 할 단점과 이를 극복하기 위한 인테리어 팁은 무엇인가요?,원목사이딩을 사용하는데 어떤 단점이 있을까요?,내 작은 주방을 활용한 인테리어 아이디어가 필요해요.,층간소음을 줄이기 위한 인테리어 추천해줘,[[0.2568344]],[[0.20641832]],[[0.18628256]]
"알루미늄징크의 단점에 대해서 자세히 알려주세요 또한, 아이소핑크의 장점은 무엇인가요?",알루미늄징크의 장점은 뭐야?,금속기와의 장점은 뭐야?,스타코플렉스의 장점은 뭐야?,[[0.50504962]],[[0.16678173]],[[0.15046519]]
겨울철 도배 작업에서 실내 온도를 일정하게 유지해야 하는 이유는 무엇인가요?,큐블럭을 사용하는 이유는 무엇인가요?,한지벽지를 선택하는 이유는 무엇인가요?,파벽돌을 사용할 때 주의해야 하는 점은 무엇인가요?,[[0.37430283]],[[0.3531186]],[[0.21769287]]
철골구조의 화재 안전 보완을 위한 다양한 방법에는 무엇이 있을까요? 그리고 벽돌구조란 무엇인가요?,철골구조의 다양한 방식이 무엇인가요?,철골구조의 장점이 뭐야?,내진설계의 종류 좀 알려줘,[[0.50401922]],[[0.32092985]],[[0.]]
석구조란 무엇인가요? 그리고 기둥-보 구조 방식은 무엇을 의미하나요?,기둥-보 구조 방식은 무엇인가요?,기둥-보 구조 방식이 뭐야?,중목구조 방식이 뭐야?,[[0.8384481]],[[0.56609778]],[[0.]]
포세린 타일을 사용하는 것에 대한 단점이 무엇인가요? 그리고 셀룰로오스의 단점에 대해 설명해주세요.,폴리싱 타일을 사용하는 것에 대한 주요 단점이 무엇인가요?,포세린 타일을 사용하는 것의 단점은 무엇인가요?,셀룰로오스의 단점이 뭐야?,[[0.58433574]],[[0.43033976]],[[0.39694925]]
부드러운 욕실 인테리어를 위해 사용할 수 있는 소재나 색상은 어떤 것들이 있을까요? 그리고 반려동물을 위한 바닥재에는 어떤 종류가 있는지 알려주세요.,부드러운 욕실 인테리어를 위해 사용할 수 있는 색상이나 소품에는 어떤 것들이 있을까요?,방수용 도료의 종류가 어떤 것들이 있는지 알려주세요.,흡음재 중 다공질에는 어떤 종류가 있는지 알려주세요.,[[0.66663973]],[[0.39517927]],[[0.33374291]]
"팬던트 라이트는 무엇이며, 어떤 용도로 사용되나요? 그리고 인테리어에서 바닥재를 선택할 때 고려해야 할 중요한 요소는 무엇인가요?",인테리어에서 벽지를 선택할 때 고려해야 할 중요한 요소는 무엇인가요?,팬던트 라이트에 대해 설명해줘,기존 바닥재 위에 새 바닥재를 덧방해도 되나요?,[[0.56937358]],[[0.20142475]],[[0.13087256]]
속건형 유성 발수제가 건물의 수명을 연장시키는 원리는 무엇인가요?,속건형 유성 발수제가 뭐야?,유성 발수제가 뭐야?,속건형 유성 발수제의 장점이 뭐야?,[[0.80575104]],[[0.64454798]],[[0.49774915]]
주방에서 조리할 때 어떤 종류의 조명이 가장 적합한가요?,실내 조명을 선택할 때 어떤 종류의 조명이 가장 적합한가요?,"셀룰로오스 단열재는 어떤 소재로 만들어지며, 어떤 종류의 건물 또는 구조물에 사용하기 적합한가요?",어떤 종류의 벽지가 있나요?,[[0.76910178]],[[0.3024036]],[[0.28738478]]
"인테리어에서 생기 넘치는 식물과 아트워크를 부착할 때 밀풀을 사용하는 것이 좋은가요, 그리고 밀풀 사용 시 주의할 점은 무엇인가요?",장롱을 옮길 때 주의할 점은 무엇인가요?,인테리어에 사용되는 소품을 선택할 때 주의할 점은 무엇인가요?,벽면에 그림이나 포스터를 걸 때 주의할 점은 무엇인가요?,[[0.37109747]],[[0.33877268]],[[0.33682692]]
철근콘크리트 구조에 대해 좀 더 자세히 알려주세요. 그리고 통나무구조 방식은 어떤 건물에 사용되는 건축 구조 방식인가요?,기둥-보 구조 방식은 무엇인가요?,통나무구조 방식이 뭐야?,철근콘크리트 구조가 뭐야?,[[0.40057181]],[[0.26862606]],[[0.25672521]]
공명형 흡음재가 특정 주파수에 한정적으로 적용되는 이유는 무엇인가요?,큐블럭을 사용하는 이유는 무엇인가요?,한지벽지를 선택하는 이유는 무엇인가요?,리얼징크는 무엇인가요?,[[0.61730988]],[[0.58237229]],[[0.16002048]]
"결로의 발생 원인은 무엇이고, 이를 방지하기 위해 어떤 시공방법을 사용해야 하나요?",창호 결로의 원인은 뭐야?,부엌 및 욕실의 결로의 원인은 뭐야?,친환경적인 인테리어를 추구하려면 어떤 재료를 사용해야 하나요?,[[0.34671711]],[[0.2882159]],[[0.22406835]]
베란다를 활용하여 야외 라운지를 만들기 위해 필요한 장비나 소품은 어떤 것이 있을까요와 거실에 현대적인 느낌을 주기 위한 팁은 무엇인가요의 관계는 무엇인가요?,베란다를 활용하여 야외 라운지를 만드는 데 필요한 장비나 가구는 무엇이 있을까요?,어떻게 베란다를 활용하여 야외 라운지 공간을 만들 수 있을까요?,어떻게 테라스를 활용하여 야외 공간을 아늑하게 꾸밀 수 있을까요?,[[0.55052326]],[[0.31130502]],[[0.18853294]]
페인트 작업 시 유해물질을 최소화하기 위해 어떤 점을 유의해야 하나요?,인테리어에서 벽지를 선택할 때 어떤 점을 주의해야 하나요?,냉장고를 옮길 때 어떤 점을 주의해야 하나요?,방청산화철페인트를 사용하는데 어떤 점을 주의해야 하나요?,[[0.38612425]],[[0.38281468]],[[0.36497717]]
흡음재 중 판 진동형의 작동 원리는 무엇인가요?,이산화탄소 소화기의 작동 원리가 무엇인가요?,흡음재 중 다공질이 뭐야?,가루풀에 대해 알려줘,[[0.45387627]],[[0.31199676]],[[0.]]
"점토벽돌을 사용하는 것의 장점은 무엇인가요? 또한, 도료와 벽지 중에서 어떤 것을 선택하는 것이 더 나은 선택일까요?",차음재와 흡음재 중에서 어떤 것을 선택하는 것이 더 효과적일까요?,롱브릭타일을 사용하는 것의 장점은 무엇인가요?,장판을 사용하는 것의 장점은 무엇인가요?,[[0.44820809]],[[0.40670932]],[[0.40670932]]
"강화마루는 어떤 재료로 제작되나요? 또한, 징크판넬의 단점에는 어떤 것들이 있을까요?",징크판넬의 장점이 뭐야?,강화마루는 기대수명이 얼마야?,목구조는 어떤 방식이 있어?,[[0.35620596]],[[0.32384413]],[[0.07460655]]
"벽에 타공하자가 발생했을 때, 이로 인해 벽장 부위에 결로가 생길 수 있는지, 그리고 이를 방지하기 위한 방법은 무엇인가요?","높은 습도로 인해 도배지의 끝부분이 들뜰 수 있는데, 이를 방지하기 위한 방법이 있을까요?",외벽 모서리 부위에 결로가 발생하는 원인이 뭐야?,부실 시공으로 인해 타공하자가 발생할 수 있어?,[[0.31334872]],[[0.23699705]],[[0.22505411]]
물 누수로 인한 곰팡이와 곰팡이 냄새를 제거하는 데 사용할 수 있는 가정용 청소용품이 있을까요? 그리고 펫테리어가 무엇인지 자세히 알려주세요.,벽면에서 발생한 물 누수로 인해 발생한 곰팡이와 곰팡이 냄새를 제거하는 데 사용할 수 있는 청소용품이 있을까요?,벽면에서 발생한 물 누수로 인한 곰팡이와 곰팡이 냄새를 어떻게 제거하나요?,곰팡이 색깔은?,[[0.62943687]],[[0.52505516]],[[0.18717381]]
도배지를 너무 작게 자르면 어떤 문제가 발생할 수 있을까요? 그리고 높은 습도로 인해 도배지 패턴이 이어지지 않을 수 있는 이유가 무엇일까요?,높은 습도로 인해 도배지 패턴이 이어지지 않을 수 있어?,부주의한 시공으로 인해 도배지 패턴이 이어지지 않을 수 있어?,높은 습도로 인해 도배지와 몰딩면에 틈새가 생길 수 있어?,[[0.59780631]],[[0.40993868]],[[0.21220728]]
알러지가 있는 사람들이 매끄럽고 평평한 벽지를 선택하는 이유는 무엇인가요?,탄화목사이딩을 선택하는 이유는 무엇인가요?,한지벽지를 선택하는 이유는 무엇인가요?,인테리어에서 벽지를 선택하는데 주의해야 할 점은 무엇인가요?,[[0.43443839]],[[0.43443839]],[[0.20586112]]
아파트 도배 평수를 계산하는 방법과 소화기 설치 시 주의해야 할 사항에 대해 설명해줄 수 있나요?,소화기 설치 기준이 뭐야?,공동주택의 실내 라돈의 측정지점은 어떻게 돼?,아세톤에 노출되면 어디가 안좋아?,[[0.46416168]],[[0.]],[[0.]]
마감재의 하자를 판단하는 데 어떤 방법을 사용해야 할까요? 그리고 라돈을 측정하는 데 가장 적합한 지점은 어디인가요?,마감재의 하자를 어떻게 확인할 수 있을까요?,마감재의 하자여부는 어떻게 판단해?,라돈을 제외한 공동주택의 실내공기질 측정지점이 어떻게 돼?,[[0.38522857]],[[0.19527161]],[[0.17419717]]
이산화탄소 소화기에 대해 좀 더 자세히 알 수 있을까요? 그리고 분말 소화기는 어떤 용도로 사용되는 건가요?,분말 소화기는 어떤 용도로 사용되나요?,이산화탄소 소화기가 뭐야?,분말 소화기가 뭐야?,[[0.60799886]],[[0.29821596]],[[0.26618641]]
면진장치는 어떤 용도로 사용되는 건가요? 그리고 면진구조는 어떤 건물 구조나 시스템을 의미하나요?,몰딩수정은 어떤 용도로 사용되는 건가요?,걸레받이는 어떤 용도로 사용되는 건가요?,발포우레탄폼은 어떤 용도로 사용되는 건가요?,[[0.50709693]],[[0.49622707]],[[0.49622707]]
"외단열재가 실내 온도 유지에 어떻게 도움을 주며, 이를 시공할 때 고려해야 할 주요 장점들은 무엇인가요?",유성페인트의 주요 특징은 무엇인가요?,실내 조명을 선택할 때 어떤 종류의 조명을 고려해야 하나요?,공동주택의 실내 라돈의 측정지점은 어떻게 돼?,[[0.29337577]],[[0.26617258]],[[0.23224576]]
"외단열과 내단열의 차이점은 무엇이며, 각각의 시공방법이 어떻게 단열 효과에 영향을 미치나요?",방청페인트 시공방법이 뭐야?,콘크리트는 어떻게 처리해?,도배지가 남으면 어떻게 처리해?,[[0.35523938]],[[0.07736307]],[[0.07154107]]
"바닥재의 종류 중에서 가장 인기 있는 것은 무엇이며, 가장 비싼 바닥재는 무엇인가요?",가장 비싼 바닥재는 뭐야?,바닥재의 종류는 뭐가 있어?,페인트의 종류 좀 알려줘,[[0.56784845]],[[0.21478629]],[[0.17721394]]
포세린 타일의 장점과 단점은 무엇인가요?,포세린 타일의 장점이 뭐야?,포세린 타일의 단점이 뭐야,평지붕의 단점은 뭐야?,[[0.59706861]],[[0.59518418]],[[0.25577567]]
중목구조 방식에 대해 좀 더 자세히 설명해 주실 수 있을까요? 그리고 철근콘크리트 구조에 대해 좀 더 자세히 알려주세요.,조적식 구조에 대해 좀 더 자세히 설명해 주실 수 있을까요?,중목구조 방식에 대해서 좀 더 자세히 알고 싶어요.,중목구조 방식이 뭐야?,[[0.68818277]],[[0.46420434]],[[0.24349111]]
"도배지는 얼마나의 양이 필요한가요? 또한, 벽에 구멍을 막는 가장 효과적인 방법은 무엇인가요?",벽에 구멍을 막는 방법은?,도배지는 얼마나 필요해,벽에 뚫린 구멍이 이상해,[[0.69957985]],[[0.28498844]],[[0.14023734]]
"경질우레탄폼 보온판을 사용한 외단열 시공은 어떤 장점을 가지며, 이를 통해 어떻게 결로와 곰팡이 발생을 줄일 수 있나요?",곰팡이 색깔은?,경질우레탄폼 보온판에 대해 설명해줘,도배지가 남으면 어떻게 처리해?,[[0.24676244]],[[0.24538902]],[[0.05918657]]
질석벽지가 아트월이나 현관 입구에 많이 사용되는 이유는 무엇인가요?,질석벽지가 뭐야?,도배와 페인트 시공 중 뭐가 더 비용이 많이 들어?,직물벽지가 뭐야?,[[0.5456133]],[[0.19840478]],[[0.]]
시트 방수공사를 통해 건물의 에너지 절감 효과를 어떻게 얻을 수 있나요?,시트 방수공사가 뭐야?,콘크리트는 어떻게 처리해?,도배지가 남으면 어떻게 처리해?,[[0.37445237]],[[0.08483998]],[[0.0784553]]
내진설계에서 안정성을 높이기 위한 순서는 무엇인가요? 그리고 내진구조란 무엇인가요?,내진설계에서 안전성을 높이기 위한 순서는 무엇인가요?,내진설계에서 안정성이 높은 순서대로 말해줘,일반철골구조가 뭐야?,[[0.8642155]],[[0.21358164]],[[0.]]
분말 소화기를 사용할 때 주의해야 할 사항은 무엇인가요? 그리고 아파트 도배 평수를 어떻게 계산해야 하나요?,아파트 도배를 평수를 어떻게 계산해야 하나요?,분말 소화기를 사용할 때 주의할 점이 뭐야?,아파트 도배평수는 어떻게 게산해?,[[0.61714108]],[[0.42090522]],[[0.23571357]]
압출법 보온판의 가장 큰 장점은 무엇인가요?,압출법 보온판에 대해 설명해줘,알루미늄징크의 장점은 뭐야?,금속기와의 장점은 뭐야?,[[0.41168147]],[[0.25162891]],[[0.25162891]]
평지붕의 누수 문제를 방지하기 위해 수성 벽체용 탄성 방수 도료를 사용하는 것이 어떤 장점이 있나요?,수성 벽체용 탄성 방수 도료의 장점이 뭐야?,평지붕의 장점은 뭐야?,평지붕의 단점은 뭐야?,[[0.51926932]],[[0.22906909]],[[0.22079536]]
"석고수정이 발생하는 가장 큰 원인은 무엇인가요? 그리고 이를 해결하는 방법에 대해 알려주세요.""",석고수정이 뭐야?,구조적 결함으로 인해 석고수정이 발생할 수 있어?,높은 습도에 의해 석고수정이 발생할 수 있어?,[[0.32144393]],[[0.15057326]],[[0.14806313]]
카페트의 기대 수명은 얼마나 될까요? 그리고 오리지널징크의 장점에는 무엇이 있나요?,카페트의 기대 수명은 얼마나 돼?,오리지널징크의 장점이 뭐야?,페인트 상도재가 뭐야?,[[0.69306226]],[[0.2953966]],[[0.]]
